<?xml version="1.0" encoding="UTF-8"?>
<metadata xml:lang="es"><Esri><CreaDate>20250530</CreaDate><CreaTime>23471100</CreaTime><ArcGISFormat>1.0</ArcGISFormat><SyncOnce>FALSE</SyncOnce><DataProperties><itemProps><itemLocation><linkage Sync="TRUE">file://\\JOULAPTOP\C$\Users\jonal\OneDrive\Documentos\ArcGIS\Default.gdb</linkage><protocol Sync="TRUE">Local Area Network</protocol></itemLocation><itemName Sync="TRUE">Red_Magdalena_3_Merge</itemName><imsContentType Sync="TRUE">002</imsContentType></itemProps><copyHistory><copy source="C:\Users\jonal\OneDrive\Documentos\22_PCH_COLOMBIA\PCH_5\Export_Output" dest="\\JOULAPTOP\C$\Users\jonal\OneDrive\Documentos\19_Migraciones\red_topolgica_magdalena_shp_files\SHP_Magdalena\Con_altitud\Export_Output" date="20250522" time="18004000"></copy></copyHistory><coordRef><type Sync="TRUE">Projected</type><geogcsn Sync="TRUE">GCS_MAGNA</geogcsn><csUnits Sync="TRUE">Linear Unit: Meter (1.000000)</csUnits><projcsn Sync="TRUE">MAGNA_Colombia_Bogota</projcsn><peXml Sync="TRUE">&lt;ProjectedCoordinateSystem xsi:type='typens:ProjectedCoordinateSystem' xmlns:xsi='http://www.w3.org/2001/XMLSchema-instance' xmlns:xs='http://www.w3.org/2001/XMLSchema' xmlns:typens='http://www.esri.com/schemas/ArcGIS/10.7'&gt;&lt;WKT&gt;PROJCS[&amp;quot;MAGNA_Colombia_Bogota&amp;quot;,GEOGCS[&amp;quot;GCS_MAGNA&amp;quot;,DATUM[&amp;quot;D_MAGNA&amp;quot;,SPHEROID[&amp;quot;GRS_1980&amp;quot;,6378137.0,298.257222101]],PRIMEM[&amp;quot;Greenwich&amp;quot;,0.0],UNIT[&amp;quot;Degree&amp;quot;,0.0174532925199433]],PROJECTION[&amp;quot;Transverse_Mercator&amp;quot;],PARAMETER[&amp;quot;False_Easting&amp;quot;,1000000.0],PARAMETER[&amp;quot;False_Northing&amp;quot;,1000000.0],PARAMETER[&amp;quot;Central_Meridian&amp;quot;,-74.07750791666666],PARAMETER[&amp;quot;Scale_Factor&amp;quot;,1.0],PARAMETER[&amp;quot;Latitude_Of_Origin&amp;quot;,4.596200416666666],UNIT[&amp;quot;Meter&amp;quot;,1.0],AUTHORITY[&amp;quot;EPSG&amp;quot;,3116]]&lt;/WKT&gt;&lt;XOrigin&gt;-4623200&lt;/XOrigin&gt;&lt;YOrigin&gt;-9510300&lt;/YOrigin&gt;&lt;XYScale&gt;10000&lt;/XYScale&gt;&lt;ZOrigin&gt;-100000&lt;/ZOrigin&gt;&lt;ZScale&gt;10000&lt;/ZScale&gt;&lt;MOrigin&gt;-100000&lt;/MOrigin&gt;&lt;MScale&gt;10000&lt;/MScale&gt;&lt;XYTolerance&gt;0.001&lt;/XYTolerance&gt;&lt;ZTolerance&gt;0.001&lt;/ZTolerance&gt;&lt;MTolerance&gt;0.001&lt;/MTolerance&gt;&lt;HighPrecision&gt;true&lt;/HighPrecision&gt;&lt;WKID&gt;3116&lt;/WKID&gt;&lt;LatestWKID&gt;3116&lt;/LatestWKID&gt;&lt;/ProjectedCoordinateSystem&gt;</peXml></coordRef><lineage><Process ToolSource="c:\program files (x86)\arcgis\desktop10.8\ArcToolbox\Toolboxes\Data Management Tools.tbx\Merge" Date="20250530" Time="142103">Merge Export_Output C:\Users\jonal\OneDrive\Documentos\ArcGIS\Default.gdb\Export_Output_Merge "ARCID "ARCID" true true false 6 Long 0 6 ,First,#,Export_Output,ARCID,-1,-1;GRID_CODE "GRID_CODE" true true false 6 Long 0 6 ,First,#,Export_Output,GRID_CODE,-1,-1;FROM_NODE "FROM_NODE" true true false 6 Long 0 6 ,First,#,Export_Output,FROM_NODE,-1,-1;TO_NODE "TO_NODE" true true false 6 Long 0 6 ,First,#,Export_Output,TO_NODE,-1,-1;ElevMed "ElevMed" true true false 16 Double 6 15 ,First,#,Export_Output,ElevMed,-1,-1;ARCID_1 "ARCID_1" true true false 16 Double 6 15 ,First,#,Export_Output,ARCID_1,-1,-1;Time "Time" true true false 16 Double 6 15 ,First,#,Export_Output,Tiempo,-1,-1;longitud "longitud" true true false 19 Double 0 0 ,First,#,Export_Output,longitud,-1,-1"</Process><Process ToolSource="c:\program files (x86)\arcgis\desktop10.8\ArcToolbox\Toolboxes\Analysis Tools.tbx\Intersect" Date="20250530" Time="231051">Intersect "Red_Magdalena #;Municipio_84 #" C:\Users\jonal\OneDrive\Documentos\ArcGIS\Default.gdb\Red_Magdalena_Intersect ALL # INPUT</Process><Process ToolSource="c:\program files (x86)\arcgis\desktop10.8\ArcToolbox\Toolboxes\Analysis Tools.tbx\SpatialJoin" Date="20250530" Time="234004">SpatialJoin Red_Magdalena_2 rios C:\Users\jonal\OneDrive\Documentos\ArcGIS\Default.gdb\Red_Magdalena_2_SpatialJoin JOIN_ONE_TO_ONE KEEP_ALL "OBJECTID_1 "OBJECTID_1" true true false 10 Long 0 10 ,First,#,Red_Magdalena_2,OBJECTID_1,-1,-1;FID_Red_Ma "FID_Red_Ma" true true false 10 Long 0 10 ,First,#,Red_Magdalena_2,FID_Red_Ma,-1,-1;OBJECTID "OBJECTID" true true false 10 Long 0 10 ,First,#,Red_Magdalena_2,OBJECTID,-1,-1;ARCID "ARCID" true true false 10 Long 0 10 ,First,#,Red_Magdalena_2,ARCID,-1,-1;GRID_CODE "GRID_CODE" true true false 10 Long 0 10 ,First,#,Red_Magdalena_2,GRID_CODE,-1,-1;FROM_NODE "FROM_NODE" true true false 10 Long 0 10 ,First,#,Red_Magdalena_2,FROM_NODE,-1,-1;TO_NODE "TO_NODE" true true false 10 Long 0 10 ,First,#,Red_Magdalena_2,TO_NODE,-1,-1;ElevMed "ElevMed" true true false 19 Double 0 0 ,First,#,Red_Magdalena_2,ElevMed,-1,-1;ARCID_1 "ARCID_1" true true false 19 Double 0 0 ,First,#,Red_Magdalena_2,ARCID_1,-1,-1;Time "Time" true true false 19 Double 0 0 ,First,#,Red_Magdalena_2,Time,-1,-1;longitud "longitud" true true false 19 Double 0 0 ,First,#,Red_Magdalena_2,longitud,-1,-1;Shape_Leng "Shape_Leng" true true false 19 Double 0 0 ,First,#,Red_Magdalena_2,Shape_Leng,-1,-1;FID_Munici "FID_Munici" true true false 10 Long 0 10 ,First,#,Red_Magdalena_2,FID_Munici,-1,-1;NOMBRE_ENT "NOMBRE_ENT" true true false 120 Text 0 0 ,First,#,Red_Magdalena_2,NOMBRE_ENT,-1,-1;CATEGORIA "CATEGORIA" true true false 5 Text 0 0 ,First,#,Red_Magdalena_2,CATEGORIA,-1,-1;DEPARTAMEN "DEPARTAMEN" true true false 50 Text 0 0 ,First,#,Red_Magdalena_2,DEPARTAMEN,-1,-1;COD_DEPART "COD_DEPART" true true false 2 Text 0 0 ,First,#,Red_Magdalena_2,COD_DEPART,-1,-1;COD_MUNICI "COD_MUNICI" true true false 3 Text 0 0 ,First,#,Red_Magdalena_2,COD_MUNICI,-1,-1;CODIGO "CODIGO" true true false 10 Text 0 0 ,First,#,Red_Magdalena_2,CODIGO,-1,-1;Shape_Le_1 "Shape_Le_1" true true false 19 Double 0 0 ,First,#,Red_Magdalena_2,Shape_Le_1,-1,-1;OBJECTID_12 "OBJECTID_12" true true false 10 Long 0 10 ,First,#,rios,OBJECTID_1,-1,-1;OBJECTID_12_13 "OBJECTID_12_13" true true false 10 Long 0 10 ,First,#,rios,OBJECTID,-1,-1;NOMBRE_GEO "NOMBRE_GEO" true true false 50 Text 0 0 ,First,#,rios,NOMBRE_GEO,-1,-1;PROYECTO "PROYECTO" true true false 30 Text 0 0 ,First,#,rios,PROYECTO,-1,-1;SYMBOL "SYMBOL" true true false 254 Text 0 0 ,First,#,rios,SYMBOL,-1,-1;FECHA "FECHA" true true false 8 Date 0 0 ,First,#,rios,FECHA,-1,-1;SHAPE_Leng_1 "SHAPE_Leng_1" true true false 19 Double 0 0 ,First,#,rios,SHAPE_Leng,-1,-1;RuleID "RuleID" true true false 10 Long 0 10 ,First,#,rios,RuleID,-1,-1;ORIG_FID "ORIG_FID" true true false 10 Long 0 10 ,First,#,rios,ORIG_FID,-1,-1;ESTADO_DRE "ESTADO_DRE" true true false 10 Long 0 10 ,First,#,rios,ESTADO_DRE,-1,-1;DISPERSION "DISPERSION" true true false 1 Text 0 0 ,First,#,rios,DISPERSION,-1,-1;longitud_1 "longitud_1" true true false 13 Float 0 0 ,First,#,rios,longitud,-1,-1;Nombre "Nombre" true true false 50 Text 0 0 ,First,#,rios,Nombre,-1,-1;Shape_Le_12 "Shape_Le_12" true true false 19 Double 0 0 ,First,#,rios,Shape_Le_1,-1,-1" INTERSECT "10 Meters" #</Process><Process ToolSource="c:\program files (x86)\arcgis\desktop10.8\ArcToolbox\Toolboxes\Data Management Tools.tbx\Merge" Date="20250530" Time="234622">Merge Red_Magdalena_3 C:\Users\jonal\OneDrive\Documentos\ArcGIS\Default.gdb\Red_Magdalena_3_Merge "OBJECTID_1 "OBJECTID_1" true true false 10 Long 0 10 ,First,#,Red_Magdalena_3,OBJECTID_1,-1,-1;OBJECTID_2 "OBJECTID_2" true true false 10 Long 0 10 ,First,#,Red_Magdalena_3,OBJECTID_2,-1,-1;OBJECTID_3 "OBJECTID_3" true true false 10 Long 0 10 ,First,#,Red_Magdalena_3,OBJECTID_3,-1,-1;OBJECTID_4 "OBJECTID_4" true true false 10 Long 0 10 ,First,#,Red_Magdalena_3,OBJECTID_4,-1,-1;Join_Count "Join_Count" true true false 10 Long 0 10 ,First,#,Red_Magdalena_3,Join_Count,-1,-1;TARGET_FID "TARGET_FID" true true false 10 Long 0 10 ,First,#,Red_Magdalena_3,TARGET_FID,-1,-1;FID_Red_Ma "FID_Red_Ma" true true false 10 Long 0 10 ,First,#,Red_Magdalena_3,FID_Red_Ma,-1,-1;OBJECTID "OBJECTID" true true false 10 Long 0 10 ,First,#,Red_Magdalena_3,OBJECTID,-1,-1;ARCID "ARCID" true true false 10 Long 0 10 ,First,#,Red_Magdalena_3,ARCID,-1,-1;GRID_CODE "GRID_CODE" true true false 10 Long 0 10 ,First,#,Red_Magdalena_3,GRID_CODE,-1,-1;FROM_NODE "FROM_NODE" true true false 10 Long 0 10 ,First,#,Red_Magdalena_3,FROM_NODE,-1,-1;TO_NODE "TO_NODE" true true false 10 Long 0 10 ,First,#,Red_Magdalena_3,TO_NODE,-1,-1;ElevMed "ElevMed" true true false 19 Double 0 0 ,First,#,Red_Magdalena_3,ElevMed,-1,-1;ARCID_1 "ARCID_1" true true false 19 Double 0 0 ,First,#,Red_Magdalena_3,ARCID_1,-1,-1;Time "Time" true true false 19 Double 0 0 ,First,#,Red_Magdalena_3,Time,-1,-1;longitud "longitud" true true false 19 Double 0 0 ,First,#,Red_Magdalena_3,longitud,-1,-1;Shape_Leng "Shape_Leng" true true false 19 Double 0 0 ,First,#,Red_Magdalena_3,Shape_Leng,-1,-1;FID_Munici "FID_Munici" true true false 10 Long 0 10 ,First,#,Red_Magdalena_3,FID_Munici,-1,-1;NOMBRE_ENT "NOMBRE_ENT" true true false 120 Text 0 0 ,First,#,Red_Magdalena_3,NOMBRE_ENT,-1,-1;CATEGORIA "CATEGORIA" true true false 5 Text 0 0 ,First,#,Red_Magdalena_3,CATEGORIA,-1,-1;COD_DEPART "COD_DEPART" true true false 2 Text 0 0 ,First,#,Red_Magdalena_3,COD_DEPART,-1,-1;DEPARTAMEN "DEPARTAMEN" true true false 50 Text 0 0 ,First,#,Red_Magdalena_3,DEPARTAMEN,-1,-1;COD_MUNICI "COD_MUNICI" true true false 3 Text 0 0 ,First,#,Red_Magdalena_3,COD_MUNICI,-1,-1;NOMBRE_GEO "NOMBRE_GEO" true true false 50 Text 0 0 ,First,#,Red_Magdalena_3,NOMBRE_GEO,-1,-1;CODIGO "CODIGO" true true false 10 Text 0 0 ,First,#,Red_Magdalena_3,CODIGO,-1,-1;PROYECTO "PROYECTO" true true false 30 Text 0 0 ,First,#,Red_Magdalena_3,PROYECTO,-1,-1;SYMBOL "SYMBOL" true true false 254 Text 0 0 ,First,#,Red_Magdalena_3,SYMBOL,-1,-1;FECHA "FECHA" true true false 8 Date 0 0 ,First,#,Red_Magdalena_3,FECHA,-1,-1;RuleID "RuleID" true true false 10 Long 0 10 ,First,#,Red_Magdalena_3,RuleID,-1,-1;ORIG_FID "ORIG_FID" true true false 10 Long 0 10 ,First,#,Red_Magdalena_3,ORIG_FID,-1,-1;ESTADO_DRE "ESTADO_DRE" true true false 10 Long 0 10 ,First,#,Red_Magdalena_3,ESTADO_DRE,-1,-1;DISPERSION "DISPERSION" true true false 1 Text 0 0 ,First,#,Red_Magdalena_3,DISPERSION,-1,-1;longitud_1 "longitud_1" true true false 13 Float 0 0 ,First,#,Red_Magdalena_3,longitud_1,-1,-1;Nombre "Nombre" true true false 50 Text 0 0 ,First,#,Red_Magdalena_3,Nombre,-1,-1;Shape_Le_1 "Shape_Le_1" true true false 19 Double 0 0 ,First,#,Red_Magdalena_3,Shape_Le_1,-1,-1;SHAPE_Le_2 "SHAPE_Le_2" true true false 19 Double 0 0 ,First,#,Red_Magdalena_3,SHAPE_Le_2,-1,-1;Shape_Le_3 "Shape_Le_3" true true false 19 Double 0 0 ,First,#,Red_Magdalena_3,Shape_Le_3,-1,-1;Shape_Le_4 "Shape_Le_4" true true false 19 Double 0 0 ,First,#,Red_Magdalena_3,Shape_Le_4,-1,-1"</Process></lineage></DataProperties><SyncDate>20250530</SyncDate><SyncTime>23461600</SyncTime><ModDate>20250530</ModDate><ModTime>23461600</ModTime></Esri><dataIdInfo><envirDesc Sync="TRUE"> Version 6.2 (Build 9200) ; Esri ArcGIS 10.8.0.12790</envirDesc><dataLang><languageCode value="spa" Sync="TRUE"></languageCode><countryCode value="COL" Sync="TRUE"></countryCode></dataLang><idCitation><resTitle Sync="TRUE">Red_Magdalena_3_Merge</resTitle><presForm><PresFormCd value="005" Sync="TRUE"></PresFormCd></presForm></idCitation><spatRpType><SpatRepTypCd value="001" Sync="TRUE"></SpatRepTypCd></spatRpType></dataIdInfo><mdLang><languageCode value="spa" Sync="TRUE"></languageCode><countryCode value="COL" Sync="TRUE"></countryCode></mdLang><distInfo><distFormat><formatName Sync="TRUE">File Geodatabase Feature Class</formatName></distFormat></distInfo><mdHrLv><ScopeCd value="005" Sync="TRUE"></ScopeCd></mdHrLv><mdHrLvName Sync="TRUE">dataset</mdHrLvName><refSysInfo><RefSystem><refSysID><identCode code="3116" Sync="TRUE"></identCode><idCodeSpace Sync="TRUE">EPSG</idCodeSpace><idVersion Sync="TRUE">8.6(9.2.0)</idVersion></refSysID></RefSystem></refSysInfo><spatRepInfo><VectSpatRep><geometObjs Name="Red_Magdalena_3_Merge"><geoObjTyp><GeoObjTypCd value="002" Sync="TRUE"></GeoObjTypCd></geoObjTyp><geoObjCnt Sync="TRUE">0</geoObjCnt></geometObjs><topLvl><TopoLevCd value="001" Sync="TRUE"></TopoLevCd></topLvl></VectSpatRep></spatRepInfo><spdoinfo><ptvctinf><esriterm Name="Red_Magdalena_3_Merge"><efeatyp Sync="TRUE">Simple</efeatyp><efeageom code="3" Sync="TRUE"></efeageom><esritopo Sync="TRUE">FALSE</esritopo><efeacnt Sync="TRUE">0</efeacnt><spindex Sync="TRUE">TRUE</spindex><linrefer Sync="TRUE">TRUE</linrefer></esriterm></ptvctinf></spdoinfo><eainfo><detailed Name="Red_Magdalena_3_Merge"><enttyp><enttypl Sync="TRUE">Red_Magdalena_3_Merge</enttypl><enttypt Sync="TRUE">Feature Class</enttypt><enttypc Sync="TRUE">0</enttypc></enttyp><attr><attrlabl Sync="TRUE">OBJECTID_1</attrlabl><attalias Sync="TRUE">OBJECTID_1</attalias><attrtype Sync="TRUE">Integer</attrtype><attwidth Sync="TRUE">4</attwidth><atprecis Sync="TRUE">0</atprecis><attscale Sync="TRUE">0</attscale><attrdef Sync="TRUE">Internal feature number.</attrdef><attrdefs Sync="TRUE">Esri</attrdefs><attrdomv><udom Sync="TRUE">Sequential unique whole numbers that are automatically generated.</udom></attrdomv></attr><attr><attrlabl Sync="TRUE">Join_Count</attrlabl><attalias Sync="TRUE">Join_Count</attalias><attrtype Sync="TRUE">Integer</attrtype><attwidth Sync="TRUE">4</attwidth><atprecis Sync="TRUE">0</atprecis><attscale Sync="TRUE">0</attscale></attr><attr><attrlabl Sync="TRUE">TARGET_FID</attrlabl><attalias Sync="TRUE">TARGET_FID</attalias><attrtype Sync="TRUE">Integer</attrtype><attwidth Sync="TRUE">4</attwidth><atprecis Sync="TRUE">0</atprecis><attscale Sync="TRUE">0</attscale></attr><attr><attrlabl Sync="TRUE">OBJECTID_2</attrlabl><attalias Sync="TRUE">OBJECTID_2</attalias><attrtype Sync="TRUE">Integer</attrtype><attwidth Sync="TRUE">4</attwidth><atprecis Sync="TRUE">0</atprecis><attscale Sync="TRUE">0</attscale></attr><attr><attrlabl Sync="TRUE">OBJECTID_3</attrlabl><attalias Sync="TRUE">OBJECTID_3</attalias><attrtype Sync="TRUE">Integer</attrtype><attwidth Sync="TRUE">4</attwidth><atprecis Sync="TRUE">0</atprecis><attscale Sync="TRUE">0</attscale></attr><attr><attrlabl Sync="TRUE">OBJECTID_4</attrlabl><attalias Sync="TRUE">OBJECTID_4</attalias><attrtype Sync="TRUE">Integer</attrtype><attwidth Sync="TRUE">4</attwidth><atprecis Sync="TRUE">0</atprecis><attscale Sync="TRUE">0</attscale></attr><attr><attrlabl Sync="TRUE">OBJECTID</attrlabl><attalias Sync="TRUE">OBJECTID</attalias><attrtype Sync="TRUE">Integer</attrtype><attwidth Sync="TRUE">4</attwidth><atprecis Sync="TRUE">0</atprecis><attscale Sync="TRUE">0</attscale><attrdef Sync="TRUE">Internal feature number.</attrdef><attrdefs Sync="TRUE">Esri</attrdefs><attrdomv><udom Sync="TRUE">Sequential unique whole numbers that are automatically generated.</udom></attrdomv></attr><attr><attrlabl Sync="TRUE">FID_Red_Ma</attrlabl><attalias Sync="TRUE">FID_Red_Ma</attalias><attrtype Sync="TRUE">Integer</attrtype><attwidth Sync="TRUE">4</attwidth><atprecis Sync="TRUE">0</atprecis><attscale Sync="TRUE">0</attscale></attr><attr><attrlabl Sync="TRUE">Shape</attrlabl><attalias Sync="TRUE">Shape</attalias><attrtype Sync="TRUE">Geometry</attrtype><attwidth Sync="TRUE">0</attwidth><atprecis Sync="TRUE">0</atprecis><attscale Sync="TRUE">0</attscale><attrdef Sync="TRUE">Feature geometry.</attrdef><attrdefs Sync="TRUE">Esri</attrdefs><attrdomv><udom Sync="TRUE">Coordinates defining the features.</udom></attrdomv></attr><attr><attrlabl Sync="TRUE">ARCID</attrlabl><attalias Sync="TRUE">ARCID</attalias><attrtype Sync="TRUE">Integer</attrtype><attwidth Sync="TRUE">4</attwidth><atprecis Sync="TRUE">0</atprecis><attscale Sync="TRUE">0</attscale></attr><attr><attrlabl Sync="TRUE">GRID_CODE</attrlabl><attalias Sync="TRUE">GRID_CODE</attalias><attrtype Sync="TRUE">Integer</attrtype><attwidth Sync="TRUE">4</attwidth><atprecis Sync="TRUE">0</atprecis><attscale Sync="TRUE">0</attscale></attr><attr><attrlabl Sync="TRUE">FROM_NODE</attrlabl><attalias Sync="TRUE">FROM_NODE</attalias><attrtype Sync="TRUE">Integer</attrtype><attwidth Sync="TRUE">4</attwidth><atprecis Sync="TRUE">0</atprecis><attscale Sync="TRUE">0</attscale></attr><attr><attrlabl Sync="TRUE">TO_NODE</attrlabl><attalias Sync="TRUE">TO_NODE</attalias><attrtype Sync="TRUE">Integer</attrtype><attwidth Sync="TRUE">4</attwidth><atprecis Sync="TRUE">0</atprecis><attscale Sync="TRUE">0</attscale></attr><attr><attrlabl Sync="TRUE">ElevMed</attrlabl><attalias Sync="TRUE">ElevMed</attalias><attrtype Sync="TRUE">Double</attrtype><attwidth Sync="TRUE">8</attwidth><atprecis Sync="TRUE">0</atprecis><attscale Sync="TRUE">0</attscale></attr><attr><attrlabl Sync="TRUE">ARCID_1</attrlabl><attalias Sync="TRUE">ARCID_1</attalias><attrtype Sync="TRUE">Double</attrtype><attwidth Sync="TRUE">8</attwidth><atprecis Sync="TRUE">0</atprecis><attscale Sync="TRUE">0</attscale></attr><attr><attrlabl Sync="TRUE">Time</attrlabl><attalias Sync="TRUE">Time</attalias><attrtype Sync="TRUE">Double</attrtype><attwidth Sync="TRUE">8</attwidth><atprecis Sync="TRUE">0</atprecis><attscale Sync="TRUE">0</attscale></attr><attr><attrlabl Sync="TRUE">longitud</attrlabl><attalias Sync="TRUE">longitud</attalias><attrtype Sync="TRUE">Double</attrtype><attwidth Sync="TRUE">8</attwidth><atprecis Sync="TRUE">0</atprecis><attscale Sync="TRUE">0</attscale></attr><attr><attrlabl Sync="TRUE">Shape_Leng</attrlabl><attalias Sync="TRUE">Shape_Leng</attalias><attrtype Sync="TRUE">Double</attrtype><attwidth Sync="TRUE">8</attwidth><atprecis Sync="TRUE">0</atprecis><attscale Sync="TRUE">0</attscale></attr><attr><attrlabl Sync="TRUE">FID_Munici</attrlabl><attalias Sync="TRUE">FID_Munici</attalias><attrtype Sync="TRUE">Integer</attrtype><attwidth Sync="TRUE">4</attwidth><atprecis Sync="TRUE">0</atprecis><attscale Sync="TRUE">0</attscale></attr><attr><attrlabl Sync="TRUE">NOMBRE_ENT</attrlabl><attalias Sync="TRUE">NOMBRE_ENT</attalias><attrtype Sync="TRUE">String</attrtype><attwidth Sync="TRUE">120</attwidth><atprecis Sync="TRUE">0</atprecis><attscale Sync="TRUE">0</attscale></attr><attr><attrlabl Sync="TRUE">CATEGORIA</attrlabl><attalias Sync="TRUE">CATEGORIA</attalias><attrtype Sync="TRUE">String</attrtype><attwidth Sync="TRUE">5</attwidth><atprecis Sync="TRUE">0</atprecis><attscale Sync="TRUE">0</attscale></attr><attr><attrlabl Sync="TRUE">DEPARTAMEN</attrlabl><attalias Sync="TRUE">DEPARTAMEN</attalias><attrtype Sync="TRUE">String</attrtype><attwidth Sync="TRUE">50</attwidth><atprecis Sync="TRUE">0</atprecis><attscale Sync="TRUE">0</attscale></attr><attr><attrlabl Sync="TRUE">COD_DEPART</attrlabl><attalias Sync="TRUE">COD_DEPART</attalias><attrtype Sync="TRUE">String</attrtype><attwidth Sync="TRUE">2</attwidth><atprecis Sync="TRUE">0</atprecis><attscale Sync="TRUE">0</attscale></attr><attr><attrlabl Sync="TRUE">COD_MUNICI</attrlabl><attalias Sync="TRUE">COD_MUNICI</attalias><attrtype Sync="TRUE">String</attrtype><attwidth Sync="TRUE">3</attwidth><atprecis Sync="TRUE">0</atprecis><attscale Sync="TRUE">0</attscale></attr><attr><attrlabl Sync="TRUE">CODIGO</attrlabl><attalias Sync="TRUE">CODIGO</attalias><attrtype Sync="TRUE">String</attrtype><attwidth Sync="TRUE">10</attwidth><atprecis Sync="TRUE">0</atprecis><attscale Sync="TRUE">0</attscale></attr><attr><attrlabl Sync="TRUE">Shape_Le_1</attrlabl><attalias Sync="TRUE">Shape_Le_1</attalias><attrtype Sync="TRUE">Double</attrtype><attwidth Sync="TRUE">8</attwidth><atprecis Sync="TRUE">0</atprecis><attscale Sync="TRUE">0</attscale></attr><attr><attrlabl Sync="TRUE">OBJECTID_12</attrlabl><attalias Sync="TRUE">OBJECTID_12</attalias><attrtype Sync="TRUE">OID</attrtype><attwidth Sync="TRUE">4</attwidth><atprecis Sync="TRUE">0</atprecis><attscale Sync="TRUE">0</attscale><attrdef Sync="TRUE">Internal feature number.</attrdef><attrdefs Sync="TRUE">Esri</attrdefs><attrdomv><udom Sync="TRUE">Sequential unique whole numbers that are automatically generated.</udom></attrdomv></attr><attr><attrlabl Sync="TRUE">NOMBRE_GEO</attrlabl><attalias Sync="TRUE">NOMBRE_GEO</attalias><attrtype Sync="TRUE">String</attrtype><attwidth Sync="TRUE">50</attwidth><atprecis Sync="TRUE">0</atprecis><attscale Sync="TRUE">0</attscale></attr><attr><attrlabl Sync="TRUE">PROYECTO</attrlabl><attalias Sync="TRUE">PROYECTO</attalias><attrtype Sync="TRUE">String</attrtype><attwidth Sync="TRUE">30</attwidth><atprecis Sync="TRUE">0</atprecis><attscale Sync="TRUE">0</attscale></attr><attr><attrlabl Sync="TRUE">SYMBOL</attrlabl><attalias Sync="TRUE">SYMBOL</attalias><attrtype Sync="TRUE">String</attrtype><attwidth Sync="TRUE">254</attwidth><atprecis Sync="TRUE">0</atprecis><attscale Sync="TRUE">0</attscale></attr><attr><attrlabl Sync="TRUE">FECHA</attrlabl><attalias Sync="TRUE">FECHA</attalias><attrtype Sync="TRUE">Date</attrtype><attwidth Sync="TRUE">8</attwidth><atprecis Sync="TRUE">0</atprecis><attscale Sync="TRUE">0</attscale></attr><attr><attrlabl Sync="TRUE">RuleID</attrlabl><attalias Sync="TRUE">RuleID</attalias><attrtype Sync="TRUE">Integer</attrtype><attwidth Sync="TRUE">4</attwidth><atprecis Sync="TRUE">0</atprecis><attscale Sync="TRUE">0</attscale></attr><attr><attrlabl Sync="TRUE">ORIG_FID</attrlabl><attalias Sync="TRUE">ORIG_FID</attalias><attrtype Sync="TRUE">Integer</attrtype><attwidth Sync="TRUE">4</attwidth><atprecis Sync="TRUE">0</atprecis><attscale Sync="TRUE">0</attscale></attr><attr><attrlabl Sync="TRUE">ESTADO_DRE</attrlabl><attalias Sync="TRUE">ESTADO_DRE</attalias><attrtype Sync="TRUE">Integer</attrtype><attwidth Sync="TRUE">4</attwidth><atprecis Sync="TRUE">0</atprecis><attscale Sync="TRUE">0</attscale></attr><attr><attrlabl Sync="TRUE">DISPERSION</attrlabl><attalias Sync="TRUE">DISPERSION</attalias><attrtype Sync="TRUE">String</attrtype><attwidth Sync="TRUE">1</attwidth><atprecis Sync="TRUE">0</atprecis><attscale Sync="TRUE">0</attscale></attr><attr><attrlabl Sync="TRUE">longitud_1</attrlabl><attalias Sync="TRUE">longitud_1</attalias><attrtype Sync="TRUE">Single</attrtype><attwidth Sync="TRUE">4</attwidth><atprecis Sync="TRUE">0</atprecis><attscale Sync="TRUE">0</attscale></attr><attr><attrlabl Sync="TRUE">Nombre</attrlabl><attalias Sync="TRUE">Nombre</attalias><attrtype Sync="TRUE">String</attrtype><attwidth Sync="TRUE">50</attwidth><atprecis Sync="TRUE">0</atprecis><attscale Sync="TRUE">0</attscale></attr><attr><attrlabl Sync="TRUE">SHAPE_Le_2</attrlabl><attalias Sync="TRUE">SHAPE_Le_2</attalias><attrtype Sync="TRUE">Double</attrtype><attwidth Sync="TRUE">8</attwidth><atprecis Sync="TRUE">0</atprecis><attscale Sync="TRUE">0</attscale></attr><attr><attrlabl Sync="TRUE">Shape_Le_3</attrlabl><attalias Sync="TRUE">Shape_Le_3</attalias><attrtype Sync="TRUE">Double</attrtype><attwidth Sync="TRUE">8</attwidth><atprecis Sync="TRUE">0</atprecis><attscale Sync="TRUE">0</attscale></attr><attr><attrlabl Sync="TRUE">Shape_Le_4</attrlabl><attalias Sync="TRUE">Shape_Le_4</attalias><attrtype Sync="TRUE">Double</attrtype><attwidth Sync="TRUE">8</attwidth><atprecis Sync="TRUE">0</atprecis><attscale Sync="TRUE">0</attscale></attr><attr><attrlabl Sync="TRUE">Shape_Length</attrlabl><attalias Sync="TRUE">Shape_Length</attalias><attrtype Sync="TRUE">Double</attrtype><attwidth Sync="TRUE">8</attwidth><atprecis Sync="TRUE">0</atprecis><attscale Sync="TRUE">0</attscale><attrdef Sync="TRUE">Length of feature in internal units.</attrdef><attrdefs Sync="TRUE">Esri</attrdefs><attrdomv><udom Sync="TRUE">Positive real numbers that are automatically generated.</udom></attrdomv></attr></detailed></eainfo><mdDateSt Sync="TRUE">20250530</mdDateSt></metadata>
