<?xml version="1.0" encoding="UTF-8"?>
<metadata xml:lang="es"><Esri><CreaDate>20250531</CreaDate><CreaTime>23391700</CreaTime><ArcGISFormat>1.0</ArcGISFormat><ArcGISstyle>ISO 19139 Metadata Implementation Specification</ArcGISstyle><SyncOnce>FALSE</SyncOnce><DataProperties><lineage><Process ToolSource="C:\Archivos de programa\ArcGIs\Desktop10.0\ArcToolbox\Toolboxes\Data Management Tools.tbx\Append" Date="20110927" Time="123329">Append 'D:\Proyecto\EDICION\100K_Ultima_version\Nueva Integracion\Backup_Final\LIMITES.mdb\Departamentos_Colombia' "D:\Proyecto\EDICION\100K_Ultima_version\Nueva Integracion\Backup_Final\Integrada.gdb\Entidades_Territoriales_y_Unidades_Administrativas\Limite_R" NO_TEST "Join_Count "Join_Count" true true false 4 Long 0 0 ,First,#;TARGET_FID "TARGET_FID" true true false 4 Long 0 0 ,First,#;AREAS "AREAS" true true false 8 Double 0 0 ,First,#;OID_ "OID_" true true false 4 Long 0 0 ,First,#;Shape_Leng "Shape_Leng" true true false 8 Double 0 0 ,First,#;NOMBRE_ENT "NOMBRE_ENT" true true false 120 Text 0 0 ,First,#;CATEGORIA "CATEGORIA" true true false 5 Text 0 0 ,First,#;DEPARTAMEN "DEPARTAMEN" true true false 50 Text 0 0 ,First,#,D:\Proyecto\EDICION\100K_Ultima_version\Nueva Integracion\Backup_Final\LIMITES.mdb\Departamentos_Colombia,DEPARTAMEN,-1,-1;COD_DEPART "COD_DEPART" true true false 2 Text 0 0 ,First,#;COD_MUNICI "COD_MUNICI" true true false 3 Text 0 0 ,First,#;AREA_KM "AREA_KM" true true false 8 Double 0 0 ,First,#;Observacion "Observacion" true true false 100 Text 0 0 ,First,#,D:\Proyecto\EDICION\100K_Ultima_version\Nueva Integracion\Backup_Final\LIMITES.mdb\Departamentos_Colombia,Observacion,-1,-1;SHAPE_Length "SHAPE_Length" false true true 8 Double 0 0 ,First,#,D:\Proyecto\EDICION\100K_Ultima_version\Nueva Integracion\Backup_Final\LIMITES.mdb\Departamentos_Colombia,Shape_Length,-1,-1;SHAPE_Area "SHAPE_Area" false true true 8 Double 0 0 ,First,#,D:\Proyecto\EDICION\100K_Ultima_version\Nueva Integracion\Backup_Final\LIMITES.mdb\Departamentos_Colombia,Shape_Area,-1,-1" #</Process><Process ToolSource="C:\Archivos de programa\ArcGIs\Desktop10.0\ArcToolbox\Toolboxes\Data Management Tools.tbx\Append" Date="20110927" Time="123349">Append 'D:\Proyecto\EDICION\100K_Ultima_version\Nueva Integracion\Backup_Final\LIMITES.mdb\Municipios_Colombia' "D:\Proyecto\EDICION\100K_Ultima_version\Nueva Integracion\Backup_Final\Integrada.gdb\Entidades_Territoriales_y_Unidades_Administrativas\Limite_R" NO_TEST "Join_Count "Join_Count" true true false 4 Long 0 0 ,First,#,D:\Proyecto\EDICION\100K_Ultima_version\Nueva Integracion\Backup_Final\LIMITES.mdb\Municipios_Colombia,Join_Count,-1,-1;TARGET_FID "TARGET_FID" true true false 4 Long 0 0 ,First,#,D:\Proyecto\EDICION\100K_Ultima_version\Nueva Integracion\Backup_Final\LIMITES.mdb\Municipios_Colombia,TARGET_FID,-1,-1;AREAS "AREAS" true true false 8 Double 0 0 ,First,#,D:\Proyecto\EDICION\100K_Ultima_version\Nueva Integracion\Backup_Final\LIMITES.mdb\Municipios_Colombia,AREAS,-1,-1;OID_ "OID_" true true false 4 Long 0 0 ,First,#,D:\Proyecto\EDICION\100K_Ultima_version\Nueva Integracion\Backup_Final\LIMITES.mdb\Municipios_Colombia,OID_,-1,-1;Shape_Leng "Shape_Leng" true true false 8 Double 0 0 ,First,#,D:\Proyecto\EDICION\100K_Ultima_version\Nueva Integracion\Backup_Final\LIMITES.mdb\Municipios_Colombia,Shape_Leng,-1,-1;NOMBRE_ENT "NOMBRE_ENT" true true false 120 Text 0 0 ,First,#,D:\Proyecto\EDICION\100K_Ultima_version\Nueva Integracion\Backup_Final\LIMITES.mdb\Municipios_Colombia,NOMBRE_ENT,-1,-1;CATEGORIA "CATEGORIA" true true false 5 Text 0 0 ,First,#,D:\Proyecto\EDICION\100K_Ultima_version\Nueva Integracion\Backup_Final\LIMITES.mdb\Municipios_Colombia,CATEGORIA,-1,-1;DEPARTAMEN "DEPARTAMEN" true true false 50 Text 0 0 ,First,#,D:\Proyecto\EDICION\100K_Ultima_version\Nueva Integracion\Backup_Final\LIMITES.mdb\Municipios_Colombia,DEPARTAMEN,-1,-1;COD_DEPART "COD_DEPART" true true false 2 Text 0 0 ,First,#,D:\Proyecto\EDICION\100K_Ultima_version\Nueva Integracion\Backup_Final\LIMITES.mdb\Municipios_Colombia,COD_DEPART,-1,-1;COD_MUNICI "COD_MUNICI" true true false 3 Text 0 0 ,First,#,D:\Proyecto\EDICION\100K_Ultima_version\Nueva Integracion\Backup_Final\LIMITES.mdb\Municipios_Colombia,COD_MUNICI,-1,-1;AREA_KM "AREA_KM" true true false 8 Double 0 0 ,First,#,D:\Proyecto\EDICION\100K_Ultima_version\Nueva Integracion\Backup_Final\LIMITES.mdb\Municipios_Colombia,AREA_KM,-1,-1;Observacion "Observacion" true true false 100 Text 0 0 ,First,#,D:\Proyecto\EDICION\100K_Ultima_version\Nueva Integracion\Backup_Final\LIMITES.mdb\Municipios_Colombia,Observacion,-1,-1;SHAPE_Length "SHAPE_Length" false true true 8 Double 0 0 ,First,#,D:\Proyecto\EDICION\100K_Ultima_version\Nueva Integracion\Backup_Final\LIMITES.mdb\Municipios_Colombia,Shape_Length,-1,-1;SHAPE_Area "SHAPE_Area" false true true 8 Double 0 0 ,First,#,D:\Proyecto\EDICION\100K_Ultima_version\Nueva Integracion\Backup_Final\LIMITES.mdb\Municipios_Colombia,Shape_Area,-1,-1" #</Process><Process ToolSource="C:\Archivos de programa\ArcGIs\Desktop10.0\ArcToolbox\Toolboxes\Data Management Tools.tbx\AddField" Date="20110927" Time="135657">AddField "D:\Proyecto\EDICION\100K_Ultima_version\Nueva Integracion\Backup_Final\Integrada.gdb\Entidades_Territoriales_y_Unidades_Administrativas\Limite_R" PK_CUE DOUBLE # # # # NULLABLE NON_REQUIRED #</Process><Process ToolSource="C:\Archivos de programa\ArcGIS\Desktop10.0\ArcToolbox\Toolboxes\Data Management Tools.tbx\CalculateField" Date="20111117" Time="090605">CalculateField Limite_R COD_MUNICI "" VB #</Process><Process ToolSource="C:\Archivos de programa\ArcGIS\Desktop10.0\ArcToolbox\Toolboxes\Editing Tools.tbx\Snap" Date="20111215" Time="100113">Snap Limite_R "Limite_Colombia-Panama EDGE '1 Meters'"</Process><Process ToolSource="C:\Archivos de programa\ArcGIS\Desktop10.0\ArcToolbox\Toolboxes\Editing Tools.tbx\Snap" Date="20111215" Time="110932">Snap Limite_R "Limite_Colombia-Panama VERTEX '50 Meters'"</Process><Process ToolSource="C:\Archivos de programa\ArcGIS\Desktop10.0\ArcToolbox\Toolboxes\Editing Tools.tbx\Snap" Date="20111215" Time="111158">Snap Limite_R "Limite_Colombia-Panama VERTEX '300 Meters'"</Process><Process ToolSource="C:\Archivos de programa\ArcGIS\Desktop10.0\ArcToolbox\Toolboxes\Editing Tools.tbx\Snap" Date="20111215" Time="112405">Snap Limite_R "Limite_Colombia-Panama VERTEX '500 Meters'"</Process><Process ToolSource="C:\Archivos de programa\ArcGIS\Desktop10.0\ArcToolbox\Toolboxes\Editing Tools.tbx\Snap" Date="20111215" Time="112855">Snap Limite_R "Limite_Colombia-Panama VERTEX '100 Meters';Limite_Colombia-Panama VERTEX '200 Meters';Limite_Colombia-Panama VERTEX '300 Meters';Limite_Colombia-Panama VERTEX '400 Meters';Limite_Colombia-Panama VERTEX '500 Meters';Limite_Colombia-Panama VERTEX '600 Meters'"</Process><Process ToolSource="C:\Archivos de programa\ArcGIS\Desktop10.0\ArcToolbox\Toolboxes\Data Management Tools.tbx\CopyFeatures" Date="20120214" Time="103811">CopyFeatures "Database Connections\cienmil@srvgeocarto.sde\ADMCIENMIL.Entidades_Territoriales_y_Unidades_Administrativas\ADMCIENMIL.Limite_R" D:\GEO14022011\Cienmil.gdb\Limite_R # 0 0 0</Process><Process ToolSource="C:\Archivos de programa\ArcGIs\Desktop10.0\ArcToolbox\Toolboxes\Data Management Tools.tbx\CopyFeatures" Date="20120216" Time="081647">CopyFeatures "I:\Mantenimiento_Bases\CORPORATIVA VERSION FEBERERO 2012\Cienmil.gdb\Limite_R" "D:\Proyecto\EDICION\100K_Ultima_version\Nueva Integracion\Backup_Final\Cortes\100K_Febrero_2012.mdb\Entidades_Territoriales_y_Unidades_Administrativas\Limite_R" # 0 0 0</Process><Process ToolSource="C:\Program Files (x86)\ArcGIS\ArcToolbox\Toolboxes\Conversion Tools.tbx\FeatureClassToFeatureClass" Date="20120614" Time="151627">FeatureClassToFeatureClass "T:\Bases\IGAC\Geodatabase\GEODATABASE 100.000\Integrada_022012\File_100K_Febrero.gdb\Entidades_Territoriales_y_Unidades_Administrativas\Limite_R" C:\WorkSpace\varios Deptos.shp # "AREAS 'AREAS' true true false 8 Double 0 0 ,First,#,T:\Bases\IGAC\Geodatabase\GEODATABASE 100.000\Integrada_022012\File_100K_Febrero.gdb\Entidades_Territoriales_y_Unidades_Administrativas\Limite_R,AREAS,-1,-1;NOMBRE_ENT 'NOMBRE_ENT' true true false 120 Text 0 0 ,First,#,T:\Bases\IGAC\Geodatabase\GEODATABASE 100.000\Integrada_022012\File_100K_Febrero.gdb\Entidades_Territoriales_y_Unidades_Administrativas\Limite_R,NOMBRE_ENT,-1,-1;CATEGORIA 'CATEGORIA' true true false 5 Text 0 0 ,First,#,T:\Bases\IGAC\Geodatabase\GEODATABASE 100.000\Integrada_022012\File_100K_Febrero.gdb\Entidades_Territoriales_y_Unidades_Administrativas\Limite_R,CATEGORIA,-1,-1;DEPARTAMEN 'DEPARTAMEN' true true false 50 Text 0 0 ,First,#,T:\Bases\IGAC\Geodatabase\GEODATABASE 100.000\Integrada_022012\File_100K_Febrero.gdb\Entidades_Territoriales_y_Unidades_Administrativas\Limite_R,DEPARTAMEN,-1,-1;COD_DEPART 'COD_DEPART' true true false 2 Text 0 0 ,First,#,T:\Bases\IGAC\Geodatabase\GEODATABASE 100.000\Integrada_022012\File_100K_Febrero.gdb\Entidades_Territoriales_y_Unidades_Administrativas\Limite_R,COD_DEPART,-1,-1;COD_MUNICI 'COD_MUNICI' true true false 3 Text 0 0 ,First,#,T:\Bases\IGAC\Geodatabase\GEODATABASE 100.000\Integrada_022012\File_100K_Febrero.gdb\Entidades_Territoriales_y_Unidades_Administrativas\Limite_R,COD_MUNICI,-1,-1;AREA_KM 'AREA_KM' true true false 8 Double 0 0 ,First,#,T:\Bases\IGAC\Geodatabase\GEODATABASE 100.000\Integrada_022012\File_100K_Febrero.gdb\Entidades_Territoriales_y_Unidades_Administrativas\Limite_R,AREA_KM,-1,-1;OBSERVACIO 'Observacion' true true false 100 Text 0 0 ,First,#,T:\Bases\IGAC\Geodatabase\GEODATABASE 100.000\Integrada_022012\File_100K_Febrero.gdb\Entidades_Territoriales_y_Unidades_Administrativas\Limite_R,OBSERVACION,-1,-1;PK_CUE 'PK_CUE' true true false 8 Double 0 0 ,First,#,T:\Bases\IGAC\Geodatabase\GEODATABASE 100.000\Integrada_022012\File_100K_Febrero.gdb\Entidades_Territoriales_y_Unidades_Administrativas\Limite_R,PK_CUE,-1,-1;SHAPE_Leng 'SHAPE_Length' false true true 8 Double 0 0 ,First,#,T:\Bases\IGAC\Geodatabase\GEODATABASE 100.000\Integrada_022012\File_100K_Febrero.gdb\Entidades_Territoriales_y_Unidades_Administrativas\Limite_R,SHAPE_Length,-1,-1;SHAPE_Area 'SHAPE_Area' false true true 8 Double 0 0 ,First,#,T:\Bases\IGAC\Geodatabase\GEODATABASE 100.000\Integrada_022012\File_100K_Febrero.gdb\Entidades_Territoriales_y_Unidades_Administrativas\Limite_R,SHAPE_Area,-1,-1" # C:\WorkSpace\varios\Deptos.shp</Process><Process ToolSource="C:\Program Files (x86)\ArcGIS\ArcToolbox\Toolboxes\Data Management Tools.tbx\Dissolve" Date="20120614" Time="152156">Dissolve C:\WorkSpace\varios\Deptos.shp C:\WorkSpace\varios\Deptos_Dissolve.shp DEPARTAMEN # MULTI_PART DISSOLVE_LINES</Process></lineage><itemProps><itemLocation><linkage Sync="TRUE">file://\\JOULAPTOP\C$\Users\jonal\OneDrive\Documentos\19_Migraciones\red_topolgica_magdalena_shp_files\Departamentos\Dpto_84</linkage><protocol Sync="TRUE">Local Area Network</protocol></itemLocation><itemName Sync="TRUE">Limite_R</itemName><imsContentType Sync="TRUE">002</imsContentType></itemProps><coordRef><type Sync="TRUE">Geographic</type><geogcsn Sync="TRUE">GCS_MAGNA</geogcsn><peXml Sync="TRUE">&lt;GeographicCoordinateSystem xsi:type='typens:GeographicCoordinateSystem' xmlns:xsi='http://www.w3.org/2001/XMLSchema-instance' xmlns:xs='http://www.w3.org/2001/XMLSchema' xmlns:typens='http://www.esri.com/schemas/ArcGIS/10.0'&gt;&lt;WKT&gt;GEOGCS[&amp;quot;GCS_MAGNA&amp;quot;,DATUM[&amp;quot;D_MAGNA&amp;quot;,SPHEROID[&amp;quot;GRS_1980&amp;quot;,6378137.0,298.257222101]],PRIMEM[&amp;quot;Greenwich&amp;quot;,0.0],UNIT[&amp;quot;Degree&amp;quot;,0.0174532925199433],AUTHORITY[&amp;quot;EPSG&amp;quot;,4686]]&lt;/WKT&gt;&lt;XOrigin&gt;-85&lt;/XOrigin&gt;&lt;YOrigin&gt;-5&lt;/YOrigin&gt;&lt;XYScale&gt;400000000000000&lt;/XYScale&gt;&lt;ZOrigin&gt;-100000&lt;/ZOrigin&gt;&lt;ZScale&gt;2000000&lt;/ZScale&gt;&lt;MOrigin&gt;-100000&lt;/MOrigin&gt;&lt;MScale&gt;10000&lt;/MScale&gt;&lt;XYTolerance&gt;5.5600000000000002e-008&lt;/XYTolerance&gt;&lt;ZTolerance&gt;9.9999999999999995e-007&lt;/ZTolerance&gt;&lt;MTolerance&gt;9.9999999999999995e-007&lt;/MTolerance&gt;&lt;HighPrecision&gt;true&lt;/HighPrecision&gt;&lt;LeftLongitude&gt;-180&lt;/LeftLongitude&gt;&lt;WKID&gt;4686&lt;/WKID&gt;&lt;/GeographicCoordinateSystem&gt;</peXml></coordRef><copyHistory><copy source="C:\Users\jonal\OneDrive\Documentos\8_MAPAS ARCGIS\17. WGS84\WGS84\Dpto_84" dest="\\JOULAPTOP\C$\Users\jonal\OneDrive\Documentos\19_Migraciones\red_topolgica_magdalena_shp_files\Departamentos\Dpto_84" date="20250531" time="23391700"></copy></copyHistory></DataProperties><SyncDate>20120614</SyncDate><SyncTime>15210200</SyncTime><ModDate>20120614</ModDate><ModTime>15210200</ModTime></Esri><dataIdInfo><envirDesc Sync="TRUE">Microsoft Windows Vista Version 6.1 (Build 7601) Service Pack 1; ESRI ArcCatalog 9.3.1.3000</envirDesc><dataLang><languageCode value="es" country="CO"></languageCode></dataLang><idCitation><resTitle Sync="TRUE">Deptos_Dissolve</resTitle><presForm><PresFormCd value="005"></PresFormCd></presForm></idCitation><descKeys><thesaName uuidref="723f6998-058e-11dc-8314-0800200c9a66"></thesaName><keyword Sync="TRUE">002</keyword></descKeys><spatRpType><SpatRepTypCd value="001"></SpatRepTypCd></spatRpType></dataIdInfo><mdLang><languageCode value="es"></languageCode></mdLang><distInfo><distFormat><formatName Sync="TRUE">Personal GeoDatabase Feature Class</formatName></distFormat><distributor><distorTran><onLineSrc><orDesc Sync="TRUE">002</orDesc><linkage Sync="TRUE">file://</linkage><protocol Sync="TRUE">Local Area Network</protocol></onLineSrc><transSize Sync="TRUE">0,000</transSize></distorTran><distorFormat><formatName Sync="TRUE">Shapefile</formatName></distorFormat></distributor></distInfo><mdHrLv><ScopeCd value="005"></ScopeCd></mdHrLv><mdHrLvName Sync="TRUE">dataset</mdHrLvName><refSysInfo><RefSystem><refSysID><identCode code="4686"></identCode><idCodeSpace Sync="TRUE">EPSG</idCodeSpace><idVersion Sync="TRUE">7.4.1</idVersion></refSysID></RefSystem></refSysInfo><spdoinfo><ptvctinf><esriterm Name="Deptos_Dissolve"><efeatyp Sync="TRUE">Simple</efeatyp><efeageom Sync="TRUE">Polygon</efeageom><esritopo Sync="TRUE">FALSE</esritopo><efeacnt Sync="TRUE">0</efeacnt><spindex Sync="TRUE">FALSE</spindex><linrefer Sync="TRUE">FALSE</linrefer></esriterm><sdtsterm Name="Deptos_Dissolve"><sdtstype Sync="TRUE">G-polygon</sdtstype><ptvctcnt Sync="TRUE">0</ptvctcnt></sdtsterm></ptvctinf><direct Sync="TRUE">Vector</direct></spdoinfo><spatRepInfo><VectSpatRep><topLvl><TopoLevCd value="001"></TopoLevCd></topLvl><geometObjs><geoObjTyp><GeoObjTypCd value="002"></GeoObjTypCd><geoObjCnt Sync="TRUE">0</geoObjCnt></geoObjTyp></geometObjs></VectSpatRep></spatRepInfo><eainfo><detailed Name="Deptos_Dissolve"><enttyp><enttypl Sync="TRUE">Deptos_Dissolve</enttypl><enttypt Sync="TRUE">Feature Class</enttypt><enttypc Sync="TRUE">0</enttypc></enttyp><attr><attrlabl Sync="TRUE">FID</attrlabl><attalias Sync="TRUE">FID</attalias><attrtype Sync="TRUE">OID</attrtype><attwidth Sync="TRUE">4</attwidth><atprecis Sync="TRUE">0</atprecis><attscale Sync="TRUE">0</attscale><attrdef Sync="TRUE">Internal feature number.</attrdef><attrdefs Sync="TRUE">ESRI</attrdefs><attrdomv><udom Sync="TRUE">Sequential unique whole numbers that are automatically generated.</udom></attrdomv></attr><attr><attrlabl Sync="TRUE">SHAPE</attrlabl><attalias Sync="TRUE">Shape</attalias><attrtype Sync="TRUE">Geometry</attrtype><attwidth Sync="TRUE">0</attwidth><atprecis Sync="TRUE">0</atprecis><attscale Sync="TRUE">0</attscale><attrdef Sync="TRUE">Feature geometry.</attrdef><attrdefs Sync="TRUE">ESRI</attrdefs><attrdomv><udom Sync="TRUE">Coordinates defining the features.</udom></attrdomv></attr><attr><attrlabl Sync="TRUE">DEPARTAMEN</attrlabl><attalias Sync="TRUE">DEPARTAMEN</attalias><attrtype Sync="TRUE">String</attrtype><attwidth Sync="TRUE">50</attwidth></attr></detailed></eainfo><mdDateSt Sync="TRUE">20120614</mdDateSt><idinfo><native Sync="TRUE">Microsoft Windows Vista Version 6.1 (Build 7601) Service Pack 1; ESRI ArcCatalog 9.3.1.3000</native><descript><langdata Sync="TRUE">es</langdata></descript><citation><citeinfo><title Sync="TRUE">Deptos_Dissolve</title><ftname Sync="TRUE">Deptos_Dissolve</ftname><geoform Sync="TRUE">vector digital data</geoform><onlink Sync="TRUE"></onlink></citeinfo></citation><natvform Sync="TRUE">Shapefile</natvform></idinfo><metainfo><langmeta Sync="TRUE">es</langmeta><metstdn Sync="TRUE">FGDC Content Standards for Digital Geospatial Metadata</metstdn><metstdv Sync="TRUE">FGDC-STD-001-1998</metstdv><mettc Sync="TRUE">local time</mettc><metd Sync="TRUE">20120614</metd><metextns><onlink Sync="TRUE">http://www.esri.com/metadata/esriprof80.html</onlink><metprof Sync="TRUE">ESRI Metadata Profile</metprof></metextns></metainfo><mdStanName Sync="TRUE">ISO 19115 Geographic Information - Metadata</mdStanName><mdStanVer Sync="TRUE">DIS_ESRI1.0</mdStanVer><mdChar><CharSetCd Sync="TRUE" value="004"></CharSetCd></mdChar><distinfo><resdesc Sync="TRUE">Downloadable Data</resdesc><stdorder><digform><digtinfo><transize Sync="TRUE">0,000</transize><dssize Sync="TRUE">0,000</dssize></digtinfo></digform></stdorder></distinfo><spref><horizsys><cordsysn><geogcsn Sync="TRUE">GCS_MAGNA</geogcsn></cordsysn><geograph><geogunit Sync="TRUE">Decimal degrees</geogunit><latres Sync="TRUE">0.000000</latres><longres Sync="TRUE">0.000000</longres></geograph><geodetic><horizdn Sync="TRUE">D_MAGNA</horizdn><ellips Sync="TRUE">Geodetic Reference System 80</ellips><semiaxis Sync="TRUE">6378137.000000</semiaxis><denflat Sync="TRUE">298.257222</denflat></geodetic></horizsys></spref><dataqual><lineage><procstep><procdesc Sync="TRUE">Dataset copied.</procdesc><srcused Sync="TRUE"></srcused><procdate Sync="TRUE">20120913</procdate><proctime Sync="TRUE">18195400</proctime></procstep></lineage></dataqual></metadata>
